{"0.7103284555754823":{"user_id":3},"0.3712431383328727":{"user_id":3},"0.06253357294213457":{"user_id":2},"0.22674218886142827":{"user_id":1},"0.6082963374803958":{"user_id":1}}